1642966088,-463,-2974,2948,512,-4992,32512
1642966089,-974,-2504,3502,297,-5243,24150
1642966090,-459,-3138,3055,128,-5147,27316
1642966091,-310,-3099,3427,1027,-5216,27367
1642966092,-355,-2994,3435,3364,-5313,29168
1642966093,-366,-3003,3275,3828,-5432,15881
1642966094,-340,-2689,3396,3726,-5484,20954
1642966095,-376,-3001,3326,3713,-5354,15418
1642966096,-362,-2779,3358,3640,-5467,19302
1642966097,-648,-3180,3328,3542,-5522,14848
1642966098,-393,-2804,3370,3649,-5368,11370
1642966099,-446,-3415,3069,3542,-5648,6626
1642966100,-517,-2580,3600,3436,-5533,3675
1642966101,-277,-3120,3145,3402,-5484,20708
1642966102,-297,-2535,3247,3155,-5630,19324
1642966103,-573,-2516,3389,1311,-5407,19339
1642966104,-794,-2883,3248,172,-4995,13397
1642966105,-430,-3659,2905,100,-5288,13484
1642966106,-217,-2712,3420,738,-5536,11409
1642966107,-449,-2533,3299,1309,-5430,11401
1642966108,-517,-2424,3359,705,-5249,5414
1642966109,-571,-3231,3239,50,-5327,7327
1642966110,-435,-2661,3338,54,-5061,1695
1642966111,-582,-2857,3091,32,-5263,9503
1642966112,-525,-2663,3587,106,-5244,7709
1642966113,-711,-2500,3105,-5,-4900,7425
1642966114,-566,-3624,2499,15,-5335,13498
1642966115,-238,-2314,4059,65,-5106,7693
1642966116,-427,-2777,2558,34,-5443,7282
1642966117,-1250,-2707,3041,36,-5120,15352
1642966118,-435,-2613,2443,-21,-4997,11211
1642966119,-864,-3518,2768,-242,-5317,19167
1642966120,-415,-2786,3273,-133,-5028,9650
1642966121,-545,-1880,3556,-96,-4747,9549
1642966122,-566,-3293,3228,-24,-5264,8257
1642966123,-474,-2399,3490,-556,-4968,6796
1642966124,-809,-2985,3374,-576,-4939,5727
1642966125,-346,-3503,3468,-656,-5034,6832
1642966126,-498,-3058,3770,-1695,-5021,-15
1642966127,-524,-2131,4175,-1472,-4952,7000
1642966128,-404,-3090,3146,-888,-4900,13597
1642966129,-931,-3310,2827,-1200,-4936,12954
1642966130,-220,-2031,3619,-1066,-4796,15408
1642966131,-829,-3357,3062,-1438,-4914,17062
1642966132,-555,-3305,3373,-1605,-4813,17345
1642966133,-611,-3293,3298,-1606,-4904,16896
1642966134,-538,-2166,3327,-1830,-4916,9555
1642966135,-615,-2458,3481,-2092,-4928,10920
1642966136,-612,-2469,3304,-2179,-4718,15414
1642966137,-574,-2850,2981,-2626,-4648,15110
1642966138,-564,-2763,3250,-2689,-4697,23439
1642966139,-570,-2740,3132,-3046,-4558,17090
1642966140,-551,-2815,3252,-2761,-4530,15480
1642966141,-635,-2911,3198,-2576,-4632,12956
1642966142,-549,-3694,3051,-1437,-4722,7681
1642966143,-443,-2293,3377,384,-4920,19407
1642966144,-593,-2710,3258,246,-4962,17446
1642966145,-530,-2623,3321,269,-4836,29313
1642966146,-558,-2928,3184,160,-4924,19409
1642966147,-583,-2858,3203,184,-4804,21074
1642966148,-567,-2629,3362,176,-4848,19461
1642966149,-551,-2811,3207,174,-4798,25120
1642966150,-576,-2892,3205,277,-4792,19465
1642966151,-567,-2470,3246,336,-4826,29220
1642966152,-706,-3124,3051,287,-4739,29236
1642966153,-329,-2685,3476,234,-4852,25102
1642966154,2199,-3890,5415,909,-5061,27081
1642966155,-293,-3068,3073,1024,-5253,31183
1642966156,-486,-2775,3231,956,-5332,29182
1642966157,-556,-2834,3173,1052,-5354,25162
1642966158,-570,-2920,3162,925,-5242,25280
1642966159,-712,-2776,3224,1033,-5251,27291
1642966160,-487,-2814,3167,994,-5306,23044
1642966161,-520,-2799,3191,992,-5261,31286
1642966162,-593,-2768,3254,986,-5292,31182
1642966163,-441,-3385,3357,1821,-5377,25297
1642966164,-241,-3249,3274,4228,-5698,29058
1642966165,616,-4347,964,4574,-5628,22690
1642966166,-280,-2006,2088,3644,-5556,23263
1642966167,-578,-3017,3247,3520,-5697,15416
1642966168,-606,-3202,3298,3422,-5564,29118
1642966169,-652,-3019,3268,3413,-5971,25254
1642966170,-424,-3040,3253,3568,-5746,16902
1642966171,-542,-2486,3190,3525,-6054,13397
1642966172,-603,-2938,3171,3402,-5762,14960
1642966173,-337,-2441,3126,2412,-5843,17322
1642966174,-777,-2413,3195,1912,-5528,14998
1642966175,-314,-2980,3048,1134,-5376,3646
1642966176,-494,-2802,3490,856,-5596,12836
1642966177,-329,-2640,3112,1115,-5684,3725
1642966178,-723,-2842,3267,204,-5492,14738
1642966179,-443,-2754,3495,-60,-5306,7676
1642966180,-578,-2614,3490,-100,-5356,7664
1642966181,-573,-2582,3213,-15,-5197,17373
1642966182,-492,-3470,3450,-26,-5434,2772
1642966183,-606,-2785,3310,-48,-5286,13358
1642966184,-420,-2911,3178,-13,-5509,13453
1642966185,-614,-2590,3334,762,-5250,746
1642966186,-637,-2934,3174,1084,-5540,15443
1642966187,-706,-2944,3213,1378,-5358,12850
1642966188,-661,-2869,3310,1667,-5325,11494
1642966189,-328,-2527,2844,738,-5604,8788
1642966190,-791,-2738,3324,5,-5434,7441
1642966191,-546,-2748,3302,-17,-5418,11584
1642966192,-581,-2708,3082,-30,-5256,12822
1642966193,-623,-3044,3360,-147,-5308,11426
1642966194,-418,-2822,3300,-21,-5474,9526
1642966195,-581,-2490,2877,-244,-5250,8860
1642966196,-426,-2573,3168,-327,-5385,15352
1642966197,-523,-2835,3146,-522,-5370,4890
1642966198,-490,-2684,3322,-969,-5269,7552
1642966199,-585,-2867,3112,-512,-5208,2712
1642966200,-646,-3339,2715,-1043,-5213,15389
1642966201,-565,-2801,3199,-1002,-5210,6656
1642966202,-411,-2302,3127,-1113,-5319,3952
1642966203,-654,-2683,3169,-1352,-5034,12788
1642966204,-601,-2766,2855,-1318,-4993,15383
1642966205,-607,-2625,3119,-1430,-5022,4872
1642966206,-585,-2843,3436,-1530,-4980,1718
1642966207,-386,-3193,3249,-1612,-5070,12636
1642966208,-433,-2761,3035,-1828,-5063,5649
1642966209,-469,-2912,3075,-2508,-5066,16952
1642966210,-579,-2781,3158,-2750,-4920,11702
1642966211,-575,-2851,3359,-2522,-4980,19052
1642966212,-535,-2879,3208,-2583,-5024,-2069
1642966213,-628,-2913,3297,-2140,-5012,17164
1642966214,-566,-3166,3170,-2734,-5118,25345
1642966215,-519,-3000,3635,-2180,-5268,19060
1642966216,-436,-2741,3290,48,-5399,23400
1642966217,-552,-2616,3262,26,-5502,23018
1642966218,-513,-2584,3170,-44,-5346,15476
1642966219,-587,-2617,3241,-6,-5264,27036
1642966220,-550,-2874,3211,-79,-5288,25342
1642966221,-424,-2692,3184,28,-5362,19066
1642966222,-546,-3029,3186,-71,-5319,17456
1642966223,-468,-2741,3150,-56,-5338,19016
1642966224,-499,-2782,3123,-9,-5313,21461
1642966225,-497,-2734,3217,13,-5302,17433
1642966226,-513,-2668,3232,-28,-5264,25172
1642966227,-570,-2873,3264,-71,-5257,23360
1642966228,-575,-2786,3234,-48,-5206,27150
1642966229,-514,-2770,3220,-60,-5255,15534
1642966230,-454,-2751,3222,-88,-5214,27184
1642966231,-565,-2806,3185,-17,-5277,19459
1642966232,-570,-2726,3161,50,-5273,27291
1642966233,-549,-2727,3130,-6,-5286,19074
1642966234,-536,-2784,3211,-27,-5249,21399
1642966235,-509,-2754,3205,-4,-5194,21104
1642966236,-569,-2843,3330,432,-5230,21416
1642966237,-447,-3065,3389,2792,-5362,23066
1642966238,-512,-2807,3230,3589,-5455,29189
1642966239,-506,-2743,3127,3670,-5464,25012
1642966240,-620,-2782,3254,3632,-5564,27219
1642966241,-576,-3575,3137,3558,-5504,14570
1642966242,-601,-2707,3279,3527,-5604,17243
1642966243,-387,-2559,3115,3502,-5704,4834
1642966244,-748,-2448,2572,3190,-5460,8838
1642966245,-841,-1835,2763,498,-4974,5812
1642966246,-327,-3291,3466,-188,-5100,18262
1642966247,-711,-3271,3172,-201,-5141,11221
1642966248,457,-2966,3051,-193,-5120,7369
1642966249,6361,-2273,2504,-216,-5680,4780
1642966250,10475,-1230,2366,-269,-6943,13151
1642966251,11335,-318,2867,-296,-6680,8414
1642966252,11214,200,2782,-182,-5808,5624
1642966253,11007,-263,3294,-262,-5008,6840
1642966254,11165,-1554,3656,-149,-4336,19143
1642966255,10608,-2691,3380,16,-3998,-5196
1642966256,10610,-3329,3363,-77,-3787,5600
1642966257,10455,-4209,3415,-8,-4090,22084
1642966258,8883,-4574,3115,48,-4433,7491
1642966259,7126,-4725,3107,-95,-4571,5240
1642966260,4204,-4957,2778,-215,-5110,2100
1642966261,1609,-4201,3040,-232,-4633,1751
1642966262,251,-4314,3145,-23,-4873,11599
1642966263,-360,-3259,3031,562,-5006,16998
1642966264,-723,-3314,2839,839,-4943,23222
1642966265,-708,-2859,3254,1368,-5112,21110
1642966266,-662,-3123,3202,1786,-5226,15385
1642966267,-956,-3283,3389,2192,-5502,14836
1642966268,-1077,-3249,2929,2061,-5292,19490
1642966269,-1718,-4552,2596,302,-5736,24998
1642966270,-3230,-3594,2624,-178,-5802,27042
1642966271,-4059,-2702,3250,-232,-5463,19494
1642966272,-3186,-1762,3252,-338,-5162,12946
1642966273,-1769,-1120,3087,-316,-5201,17328
1642966274,-1130,-1365,3213,-230,-4984,17421
1642966275,-502,-2242,3319,-279,-4809,19580
1642966276,-512,-3238,3252,-166,-5143,15486
1642966277,-468,-3201,3170,-206,-5018,14890
1642966278,-572,-2797,3031,-304,-5087,15509
1642966279,-656,-2949,3360,-261,-5178,29317
1642966280,-541,-2672,3467,-265,-5273,3725
1642966281,-303,-1399,3662,-236,-5026,7678
1642966282,2093,-413,3628,-333,-4776,5777
1642966283,7656,-860,3367,-544,-5065,7456
1642966284,10363,-2112,2810,-854,-6150,-1134
1642966285,9084,-3548,3371,-806,-5969,-3438
1642966286,5145,-4760,3202,-1144,-5778,-7262
1642966287,3689,-4741,2209,-742,-5356,6855
1642966288,3353,-2253,3044,-836,-5072,12926
1642966289,3151,-2036,2985,-870,-4815,19413
1642966290,2931,-3461,2995,-730,-4822,16890
1642966291,2944,-2881,2802,-853,-4852,11543
1642966292,2865,-2130,2957,-1016,-4770,750
1642966293,2777,-2450,2854,-1173,-4596,9495
1642966294,2427,-2757,3200,-1394,-4326,12824
1642966295,2304,-2608,2907,-1987,-4260,7654
1642966296,2082,-2852,3071,-2284,-4110,21092
1642966297,1202,-3522,3018,-2658,-3991,7722
1642966298,477,-3002,3026,-2604,-4032,6920
1642966299,-122,-3737,3019,-2620,-4235,-2110
1642966300,-272,-3502,3106,-2456,-4364,21046
1642966301,-383,-3092,3043,-2833,-4468,9667
1642966302,-536,-2777,3137,-3074,-4544,19084
1642966303,-604,-3049,3504,-153,-4836,15422
1642966304,-518,-2564,3014,-65,-4736,17493
1642966305,-530,-2907,3181,-74,-4756,11020
1642966306,-541,-2703,3104,-46,-4875,21480
1642966307,-450,-2526,3159,-50,-4807,21447
1642966308,-559,-2596,2960,-16,-4828,12946
1642966309,-546,-2849,3089,-40,-4784,13507
1642966310,-608,-2667,3150,1,-4718,21515
1642966311,-502,-2851,3144,-40,-4790,17495
1642966312,-585,-2575,3126,-22,-4814,29180
1642966313,-447,-2444,3107,-67,-4800,25409
1642966314,-511,-2953,2917,-100,-4697,13379
1642966315,-522,-2854,3214,-12,-4832,10912
1642966316,-429,-2867,3209,-19,-4749,17485
1642966317,-433,-2397,3054,-64,-4741,25369
1642966318,-449,-2596,3157,-32,-4782,9627
1642966319,-483,-2611,3127,-34,-4751,17501
1642966320,-456,-2816,3150,-44,-4650,21426
1642966321,-572,-2337,3161,-48,-4606,14946
1642966322,-10940,-3526,4003,325,-4926,5666
1642966323,-16599,-2954,2685,-25,-5290,11430
1642966324,-514,-2491,2981,-568,-4864,15018
1642966325,-108,-3805,4040,-416,-4999,25349
1642966326,2275,-1640,2958,302,-5432,12910
1642966327,-562,-2246,2733,2468,-5515,19450
1642966328,-501,-3312,3203,2808,-5838,23042
1642966329,-627,-3319,2928,2742,-5856,13434
1642966330,-719,-3056,3034,2668,-6210,22990
1642966331,-495,-2797,3067,2503,-5903,17411
1642966332,-752,-2762,3189,2598,-6070,24932
1642966333,-480,-2740,3007,2724,-5969,9473
1642966334,-535,-2389,3256,2540,-6052,18822
1642966335,-725,-3052,2975,1989,-5891,7557
1642966336,-370,-3119,3230,1938,-5862,20796
1642966337,-461,-2917,3517,682,-5678,9345
1642966338,-426,-2559,3845,-364,-5334,8876
1642966339,-476,-2353,3795,-46,-5360,11403
1642966340,-451,-2042,3933,-259,-4990,1813
1642966341,-595,-3711,3714,294,-5203,5781
1642966342,-623,-2624,3124,705,-5213,11628
1642966343,-498,-2613,3085,1043,-5085,13356
1642966344,-599,-2804,3186,1262,-5517,11558
1642966345,-564,-3008,3107,1790,-5594,8864
1642966346,-529,-2848,3020,2061,-5816,3448
1642966347,-805,-3003,2791,1290,-5482,10872
1642966348,-1703,-4152,2946,-566,-5030,5639
1642966349,-3573,-4085,2841,-789,-5160,7513
1642966350,-5204,-2849,3347,-570,-4754,8798
1642966351,-5182,-2472,3127,-758,-4514,10702
1642966352,-4819,-2550,2914,-766,-4445,15255
1642966353,-3993,-1575,3282,-876,-4720,8710
1642966354,-1727,-561,3551,-748,-4536,21306
1642966355,-1036,-2081,2196,-870,-4821,13350
1642966356,-538,-3356,2493,-930,-5160,14748
1642966357,-436,-1199,2726,-1004,-4790,17070
1642966358,1353,480,3435,-863,-4569,5587
1642966359,4093,159,2878,-936,-4249,17274
1642966360,6556,-1747,2415,-1084,-4660,24982
1642966361,5299,-4193,2387,-1202,-5249,13356
1642966362,1981,-4913,2347,-1000,-4902,12714
1642966363,-74,-4484,2551,-1204,-4772,17330
1642966364,-992,-3586,3155,-1770,-4732,16854
1642966365,-1387,-3453,3416,-1636,-4598,5048
1642966366,-1599,-3322,3625,-2053,-4602,11584
1642966367,-1586,-2652,4060,-2282,-4554,6962
1642966368,-1700,-2902,4151,-1871,-4637,5533
1642966369,-1755,-2610,3610,-2084,-4500,6824
1642966370,-798,-1748,2995,-2168,-4536,3820
1642966371,-667,-2372,3146,-2352,-4550,14796
1642966372,-579,-2937,3587,-1980,-4253,5597
1642966373,-403,-2547,2991,-2356,-4458,2990
1642966374,-540,-2705,2949,-2930,-4350,7751
1642966375,-515,-1904,3215,-2804,-4000,6890
1642966376,-715,-2740,2826,-2980,-4092,11560
1642966377,-583,-2870,3201,-2492,-4042,13070
1642966378,-514,-3096,2998,-2963,-4117,25450
1642966379,-359,-2637,3096,-3252,-4110,7012
1642966380,-456,-2749,3062,-3570,-3973,17503
1642966381,-517,-2770,3129,-3594,-4084,12958
1642966382,-541,-2906,2958,-3620,-4040,15080
1642966383,-584,-2968,3066,-3589,-4227,17646
1642966384,-532,-2775,3387,-500,-5092,17456
1642966385,-604,-2468,2987,-590,-4938,12974
1642966386,-503,-2585,3008,-605,-5024,25425
1642966387,-494,-2648,3037,-580,-4966,13020
1642966388,-565,-2662,2999,-603,-4910,11589
1642966389,-490,-2692,3048,-612,-4854,23082
1642966390,-607,-2581,3048,-614,-4879,7608
1642966391,-531,-2586,3092,-636,-4888,25172
1642966392,-585,-2713,2951,-653,-4850,13585
1642966393,-559,-2739,3036,-618,-4820,19042
1642966394,-641,-2575,3073,-684,-4942,21038
1642966395,-546,-2615,3074,-572,-4831,25324
1642966396,-536,-2530,2957,-606,-4852,21056
1642966397,-677,-2675,2983,-632,-4871,17539
1642966398,-490,-2630,3004,-632,-4808,15014
1642966399,-577,-2621,3011,-607,-4831,21453
1642966400,-482,-2781,3151,-212,-4956,23140
1642966401,-622,-2596,3208,2086,-5736,25345
1642966402,-590,-2587,2955,2768,-5866,19014
1642966403,-603,-2310,2967,2346,-5717,21366
1642966404,-591,-2514,3046,1762,-5404,25154
1642966405,-598,-2753,3032,1885,-5379,23373
1642966406,-664,-2662,3051,1874,-5576,25076
1642966407,-591,-3181,2950,2013,-5589,17376
1642966408,-453,-2565,2935,2118,-5596,20890
1642966409,-738,-2829,2642,1976,-5765,21104
1642966410,-741,-2893,2370,2150,-5828,20892
1642966411,-846,-2418,2622,1826,-5633,21057
1642966412,-294,-2714,2662,822,-5672,28904
1642966413,-596,-2754,3110,-531,-5213,11477
1642966414,-464,-2528,3599,-134,-5152,8904
1642966415,-597,-2083,2723,320,-5438,5591
1642966416,-511,-2539,3277,506,-5110,19298
1642966417,-676,-2923,2910,878,-5370,8652
1642966418,-542,-2759,2774,517,-5302,9565
1642966419,-464,-2643,3203,-880,-4873,9435
1642966420,-688,-2870,2974,-974,-5074,2726
1642966421,-302,-2137,3012,-1016,-4964,2700
1642966422,-817,-2861,3120,-994,-4801,3510
1642966423,-276,-2475,3039,-876,-5030,2742
1642966424,-777,-1900,2881,-989,-4858,5496
1642966425,-478,-3330,2628,-2144,-4344,6610
1642966426,-702,-2905,3237,-2222,-4668,7718
1642966427,-1015,-2937,3412,-1648,-4806,6974
1642966428,-217,-2682,2964,-1216,-4803,13641
1642966429,1105,-226,3214,-1174,-4984,16870
1642966430,6009,1046,3620,-1693,-4642,9621
1642966431,10692,-880,3312,-2214,-5732,14924
1642966432,12302,-1929,3123,-2226,-6413,-9764
1642966433,12198,-1977,3459,-2282,-5784,6708
1642966434,11672,-2583,3621,-2228,-5531,11613
1642966435,11036,-2969,3353,-2250,-5184,-3144
1642966436,10429,-3367,2968,-1710,-4992,1976
1642966437,9807,-4215,2892,-1436,-5230,4744
1642966438,6510,-5042,2131,-1750,-5428,6856
1642966439,2455,-4467,2517,-1826,-4792,1772
1642966440,530,-4231,2613,-1816,-4422,9006
1642966441,10,-3132,2919,-1848,-4565,13556
1642966442,34,-2018,2699,-2172,-4420,12856
1642966443,450,-2551,2954,-2375,-4222,7493
1642966444,1078,-2558,3100,-2778,-4260,10980
1642966445,1338,-2410,3067,-2722,-4288,17537
1642966446,992,-3233,2840,-2636,-4308,4882
1642966447,605,-2233,2889,-2856,-4274,19465
1642966448,279,-2681,2797,-2880,-3936,21228
1642966449,245,-3155,3059,-3677,-4024,19450
1642966450,-37,-2537,3045,-3392,-4078,17074
1642966451,-379,-2828,3067,-3516,-3971,19475
1642966452,-512,-2680,3251,-2400,-4378,10904
1642966453,-522,-2365,2815,-610,-4768,21397
1642966454,-558,-2409,2960,-644,-4762,21038
1642966455,-572,-2671,2973,-601,-4809,15503
1642966456,-588,-2782,2923,-674,-4698,15018
1642966457,-534,-2894,3044,-570,-4832,15489
1642966458,-580,-2490,2983,-596,-4792,16976
1642966459,-513,-2267,2989,-643,-4701,25413
1642966460,-618,-2504,3009,-570,-4740,17000
1642966461,-533,-2714,2899,-654,-4632,12994
1642966462,-658,-2486,3053,-562,-4730,11580
1642966463,-497,-2642,2902,-588,-4742,17052
1642966464,-512,-2674,3069,-608,-4757,21531
1642966465,-482,-2459,3115,-576,-4824,21052
1642966466,-604,-2709,3021,-601,-4706,25406
1642966467,-582,-2488,3036,-574,-4780,25198
1642966468,-524,-2611,3035,-556,-4650,17456
1642966469,-522,-2752,2997,-584,-4750,25176
1642966470,-579,-2590,2902,-603,-4755,11580
1642966471,-601,-2901,3336,140,-4986,25158
1642966472,-382,-2453,3026,2354,-5496,29306
1642966473,38,-2589,2954,2620,-5544,25028
1642966474,424,-2639,2945,2746,-5732,25334
1642966475,556,-2423,2971,2688,-5750,25128
1642966476,814,-2583,2944,2717,-5829,21393
1642966477,1022,-2336,2875,2628,-5862,10824
1642966478,1125,-2765,2575,2589,-5862,15396
1642966479,1162,-2871,2259,1910,-5854,22936
1642966480,-341,-3022,2294,-110,-5405,19483
1642966481,-1355,-3618,2257,-760,-5090,23239
1642966482,-1103,-3235,2073,-934,-5062,16768
1642966483,-2434,-2672,2617,-994,-5302,17056
1642966484,-2756,-2519,2380,-1122,-4962,25140
1642966485,-1958,-1910,2768,-1161,-4854,25247
1642966486,-894,-1883,3044,-1090,-4988,18954
1642966487,-469,-2184,2993,-1080,-5138,16904
1642966488,-356,-1989,2763,-1072,-5017,9596
1642966489,-619,-2524,2867,-1132,-4836,18924
1642966490,-480,-2406,3037,-2013,-4590,9514
1642966491,-816,-2757,3096,-1770,-4550,14980
1642966492,-510,-3168,2733,-1793,-4792,9592
1642966493,-508,-3533,2958,-1662,-5022,16778
1642966494,-434,-2539,3074,-1605,-4966,19120
1642966495,-462,-3868,2042,-1916,-5294,12908
1642966496,-2452,-5218,2457,-2468,-5779,17376
1642966497,-6504,-4062,3467,-2168,-5532,12748
1642966498,-12489,-4716,4639,-1413,-4367,1960
1642966499,-15751,-4947,5722,-838,-3654,-1010
1642966500,-16047,-3722,6307,-589,-3149,-19483
1642966501,-16045,-3888,6459,-648,-3368,-16976
1642966502,-15672,-3821,5880,-374,-3744,-1894
1642966503,-15472,-2101,5449,-256,-3560,4946
1642966504,-13543,-2386,4983,-774,-3924,-1074
1642966505,-9218,-709,4892,-956,-4307,7652
1642966506,-5373,465,4502,-864,-4536,3052
1642966507,-2143,-690,4173,-736,-5050,9584
1642966508,1332,-118,3283,-716,-5190,2972
1642966509,4518,-1324,3066,-1031,-5358,25161
1642966510,8632,-2004,2626,-482,-6330,6774
1642966511,10016,-2988,1504,-942,-6935,17091
1642966512,8075,-4921,2127,-1338,-7514,14828
1642966513,1872,-3742,2511,-1227,-7202,15509
1642966514,-5139,-4700,2656,-954,-5514,16878
1642966515,-10698,-5999,3284,-744,-4761,9683
1642966516,-14394,-5357,4051,-314,-4238,858
1642966517,-14294,-3227,5382,-508,-4096,7712
1642966518,-14984,-3100,5483,22,-4900,2988
1642966519,-14496,-4084,6134,-157,-4578,-5620
1642966520,-15362,-737,5394,448,-4260,4986
1642966521,-13540,-2777,7659,544,-4654,-5942
1642966522,-9694,28,5643,702,-3954,-5032
1642966523,-4697,-310,4405,1084,-5048,-2044
1642966524,-1035,-958,2983,384,-5764,22962
1642966525,-546,-1517,3699,432,-5614,15488
1642966526,-436,-2432,3149,1092,-5824,12816
1642966527,-804,-854,3058,1561,-5765,19155
1642966528,51,722,3333,1992,-4616,14902
1642966529,3811,-213,3063,785,-4270,7707
1642966530,10863,-1206,3119,87,-5273,17373
1642966531,14330,-1925,2637,-76,-6640,18842
1642966532,15591,-2839,3314,312,-6919,7676
1642966533,15529,-3003,2904,550,-7008,14856
1642966534,15536,-4005,2909,830,-7486,18876
1642966535,16279,-3253,2935,715,-7453,3921
1642966536,16537,-2104,3153,76,-7500,4764
1642966537,16288,-3393,3696,-292,-7199,7650
1642966538,15667,-3696,2829,-918,-6914,2686
1642966539,16313,-3210,3344,-1008,-6543,9733
1642966540,14983,-3631,2859,-1082,-6520,6778
1642966541,14986,-4559,2496,-989,-6372,9598
1642966542,11873,-3933,2124,-910,-6366,20994
1642966543,5545,-4650,1618,-1295,-5207,23069
1642966544,1803,-5109,2539,-1142,-4154,8916
1642966545,-968,-4704,2222,-1165,-4243,13655
1642966546,-952,-3942,1602,-1866,-4302,16936
1642966547,-827,-3016,2111,-1813,-4999,25002
1642966548,-521,-2177,2376,-2438,-4792,20968
1642966549,-492,-2495,2635,-2802,-4621,21407
1642966550,-612,-2273,2818,-3258,-4524,6886
1642966551,-539,-2330,2884,-3386,-4183,17516
1642966552,-566,-2735,3067,-3926,-4338,17006
1642966553,-539,-2520,2968,-3917,-4330,13602
1642966554,-508,-2609,2873,-3658,-4292,8954
1642966555,-546,-2859,2821,-3750,-4464,17058
1642966556,-683,-2933,3283,-2488,-4842,19479
1642966557,-512,-2209,2765,-516,-5380,21068
1642966558,-563,-2382,2930,-610,-5298,23398
1642966559,-489,-2524,2884,-668,-5254,25114
1642966560,-549,-2433,2978,-622,-5317,19407
1642966561,-570,-2570,2948,-656,-5336,19026
1642966562,-600,-2609,2884,-614,-5315,29300
1642966563,-594,-2515,2896,-612,-5324,23030
1642966564,-564,-2270,2699,-636,-5312,29267
1642966565,-547,-2499,2918,-612,-5032,21150
1642966566,-590,-2574,2988,-779,-5170,23363
1642966567,-538,-2491,2890,-652,-5106,31224
1642966568,-490,-2504,2953,-692,-5108,21120
1642966569,-548,-2557,2929,-678,-5211,27364
1642966570,-552,-2488,2881,-698,-5200,29166
1642966571,-603,-2604,2851,-680,-5151,25371
1642966572,-517,-2676,3134,-238,-5360,29259
1642966573,-518,-2687,3052,2092,-6158,23052
1642966574,-617,-2575,2841,2528,-6293,29209
1642966575,-538,-2516,2864,2532,-6336,24938
1642966576,-640,-2406,2884,2565,-6291,23284
1642966577,-594,-2729,2916,2540,-6326,20978
1642966578,-435,-2212,2925,2596,-6219,25378
1642966579,-771,-2534,2730,2384,-6230,16860
1642966580,-450,-2553,3276,2307,-6190,11409
1642966581,-535,-2282,3131,2386,-6188,6778
1642966582,-631,-2023,2574,925,-5589,19116
1642966583,-878,-3861,2594,-676,-5248,9216
1642966584,-2371,-4363,2608,-796,-5680,8930
1642966585,-4846,-3413,3224,-416,-5550,15301
1642966586,-7720,-2528,3316,154,-4856,6810
1642966587,-7813,-1894,3728,496,-4319,9481
1642966588,-4622,-382,3882,890,-4394,-335
1642966589,1454,-1095,3185,386,-4812,8848
1642966590,5617,-3867,2235,-302,-7313,13149
1642966591,3023,-805,2408,-812,-6991,17008
1642966592,-155,-2805,2487,-843,-5094,15371
1642966593,-794,-2854,2899,-910,-4732,6772
1642966594,-510,-2411,3043,-1045,-5149,5699
1642966595,-361,-2053,2810,-804,-4774,4802
1642966596,-536,-2590,2866,-725,-4957,-6043
1642966597,-802,-2233,3063,-79,-4980,15261
1642966598,588,-1976,2503,5,-4673,-221
1642966599,4338,-5762,2024,-1160,-5934,16844
1642966600,4278,-1400,2996,-1409,-7957,5480
1642966601,-1969,-887,2007,-1130,-5522,18828
1642966602,-4987,-2323,3553,-750,-3271,7482
1642966603,-5226,-3012,3333,-396,-3300,8910
1642966604,-1181,-2900,2983,184,-4243,15453
1642966605,-311,-2947,2671,-232,-5300,17351
1642966606,-406,-2601,2839,-308,-5075,13535
1642966607,-471,-2031,3096,-408,-5148,16844
1642966608,-507,-2714,2962,-746,-5135,9528
1642966609,-460,-2348,2620,-1038,-4950,4750
1642966610,-503,-2781,2885,-1138,-4836,7612
1642966611,-720,-2056,3340,-1060,-4844,6860
1642966612,45,-207,3495,-965,-4571,9609
1642966613,2500,25,3295,-912,-4208,6962
1642966614,4783,-1949,2587,-1041,-4658,7400
1642966615,4255,-3999,2428,-1082,-4912,-1114
1642966616,2644,-4561,2078,-1101,-5348,7643
1642966617,-976,-4927,2075,-1136,-5068,15000
1642966618,-4045,-5078,2176,-1233,-4823,19335
1642966619,-7373,-4297,3684,-1794,-4710,11060
1642966620,-11322,-3239,4450,-1175,-3671,7790
1642966621,-9379,-2114,3743,-1362,-3660,6704
1642966622,-5371,-143,4507,-1026,-3942,7004
1642966623,-1934,-528,3696,-1212,-4361,17409
1642966624,1571,552,3296,-1530,-4100,21068
1642966625,5290,-1896,2852,-2106,-4988,9623
1642966626,6308,-2678,2380,-2286,-5132,10696
1642966627,2809,-3131,2312,-2612,-4970,-29
1642966628,-174,-3406,2535,-2934,-4144,12944
1642966629,-744,-3055,2585,-2856,-4059,17450
1642966630,-483,-3032,2802,-3056,-4270,19052
1642966631,-580,-2157,3120,-3227,-4284,15520
1642966632,-654,-2678,2844,-3016,-4214,15124
1642966633,-589,-2762,3144,-3516,-4118,17090
1642966634,-589,-2472,2751,-3832,-3940,9660
1642966635,-614,-2610,2878,-3662,-4102,15072
1642966636,-612,-3119,3054,-3793,-4109,15600
1642966637,-619,-2731,3116,-2646,-4780,21058
1642966638,-622,-2342,2827,-804,-5215,29236
1642966639,-634,-2599,2867,-762,-5152,25110
1642966640,-585,-2479,2869,-690,-5174,25280
1642966641,-546,-2636,2843,-764,-5228,13008
1642966642,-554,-2414,2670,-835,-5230,25316
1642966643,-697,-2773,3037,-734,-5220,21038
1642966644,-603,-2197,2408,-930,-5087,19459
1642966645,-540,-2515,2946,-832,-5194,23066
1642966646,-498,-2326,2894,-721,-5081,19520
1642966647,-442,-2451,2921,-792,-5056,27122
1642966648,-540,-2353,2885,-658,-5054,14978
1642966649,-500,-2503,2952,-760,-5092,27351
1642966650,-520,-2565,2761,-754,-5090,23072
1642966651,-630,-2523,2843,-754,-5081,25316
1642966652,-652,-2576,2901,-682,-5220,14900
1642966653,-523,-2352,2924,-766,-5185,15482
1642966654,-512,-2364,2819,-706,-5124,23072
1642966655,-534,-2438,2836,-808,-5112,19479
1642966656,-480,-2440,2857,-716,-5042,27186
1642966657,-542,-2590,2802,-849,-5158,23431
1642966658,-554,-2541,2833,-812,-5076,27188
1642966659,-581,-2945,3203,804,-5808,29257
1642966660,-545,-2532,2907,2272,-6234,27164
1642966661,-465,-2432,2863,2457,-6359,31113
1642966662,-488,-2622,2733,2388,-6334,23044
1642966663,-503,-2513,2833,2422,-6312,22948
1642966664,-611,-2443,2666,2304,-6223,23325
1642966665,-529,-2330,3015,2344,-6224,18924
1642966666,-425,-2392,2764,2220,-6111,17452
1642966667,-736,-2471,2949,2238,-6074,16902
1642966668,-686,-2535,2255,1278,-5810,23264
1642966669,-2159,-3367,1729,-808,-5326,16990
1642966670,-4535,-3757,2286,-1002,-4875,21151
1642966671,-4904,-2766,2498,-984,-4802,18952
1642966672,-3382,-692,2929,-1103,-4761,21344
1642966673,-1570,-1020,2685,-1028,-4748,18884
1642966674,-556,-1873,2402,-1234,-4816,16888
1642966675,-652,-2197,2607,-1252,-4869,13401
1642966676,-365,-2458,2662,-1294,-4758,16762
1642966677,-223,-1978,2851,-1229,-4995,25103
1642966678,-745,-2076,3022,-1114,-4634,10840
1642966679,-538,-2279,2965,-1241,-4726,11471
1642966680,-207,118,3451,-934,-4112,10996
1642966681,3469,416,3335,-1146,-3863,9594
1642966682,7533,-276,3266,-1358,-5050,18840
1642966683,8388,-3105,3096,-2207,-5279,1954
1642966684,5834,-5396,2791,-2676,-5468,6898
1642966685,966,-5229,2976,-1567,-5133,-9978
1642966686,-769,-3975,3089,-1408,-4552,6858
1642966687,-387,-3253,3956,-1689,-4590,-7742
1642966688,-469,-2817,2733,-1118,-4928,1046
1642966689,-570,-2666,2885,-1299,-4879,11232
1642966690,-1738,-4982,2725,-1162,-5520,4930
1642966691,-6153,-4688,2392,-1132,-4888,20980
1642966692,-11645,-4970,3987,-1010,-4074,11397
1642966693,-14686,-4042,5232,-934,-2984,960
1642966694,-13619,-2032,5922,-521,-3112,-16420
1642966695,-10702,-681,6180,-782,-3284,4846
1642966696,-7420,220,5242,-436,-3820,-65
1642966697,-2976,239,4179,-498,-3984,-4986
1642966698,703,96,2978,-628,-4635,21265
1642966699,4443,553,3175,-21,-4417,13467
1642966700,7841,-813,2059,270,-5116,14788
1642966701,9864,-3202,2153,527,-6052,1406
1642966702,8055,-3820,1278,620,-6596,-4730
1642966703,2912,-4869,1409,876,-6052,13001
1642966704,-691,-4786,1455,876,-5940,12550
1642966705,-406,-2758,2255,-62,-5050,15224
1642966706,-1019,-2210,3112,-356,-5278,4814
1642966707,-432,-2466,2836,-316,-5059,3531
1642966708,-830,-2468,2882,-44,-5146,6836
1642966709,-292,-2460,2691,193,-5606,7425
1642966710,-852,-2104,2623,-402,-5026,14876
1642966711,-365,-2793,2799,-1103,-4877,9623
1642966712,-511,-2262,2877,-1060,-4998,8778
1642966713,-606,-2406,2671,-1124,-5083,11234
1642966714,-488,-2153,2890,-1060,-4868,778
1642966715,-174,-2107,2899,-1332,-4844,7596
1642966716,-206,-2598,3083,-1280,-4904,-3232
1642966717,488,-2618,2868,-1493,-4710,-246
1642966718,52,-2665,3069,-1714,-5048,5000
1642966719,-648,-2920,3133,-1932,-4770,774
1642966720,-487,-2425,2652,-1887,-4745,-256
1642966721,-627,-2742,3059,-1886,-4786,6818
1642966722,-322,-2011,2527,-2168,-4732,-2129
1642966723,-1109,-2258,2621,-1368,-5004,10476
1642966724,-605,-2373,2556,-1568,-4819,12825
1642966725,-520,-1743,2406,-1832,-4576,12668
1642966726,-590,-2068,2255,-1947,-4728,15239
1642966727,-635,-2508,2473,-2100,-4654,8964
1642966728,-391,-2740,2895,-2753,-4596,5558
1642966729,-530,-2457,2882,-3652,-4096,17072
1642966730,-636,-2542,2832,-4237,-4045,7660
1642966731,-729,-2661,2970,-4244,-4238,11062
1642966732,-666,-2445,2585,-4532,-4146,9016
1642966733,-562,-2579,2901,-3496,-4369,21418
1642966734,-551,-2402,2631,-2936,-4672,19028
1642966735,-580,-2650,2711,-3599,-4427,13595
1642966736,-616,-2568,3104,-1110,-5350,16988
1642966737,-553,-2219,2746,-655,-5346,31218
1642966738,-595,-2343,2734,-604,-5280,19032
1642966739,-556,-2342,2740,-576,-5385,21391
1642966740,-549,-2392,2681,-564,-5388,29166
1642966741,-652,-2469,2729,-663,-5335,29203
1642966742,-494,-2474,2692,-602,-5262,15016
1642966743,-645,-2349,2702,-624,-5339,27283
1642966744,-516,-2431,2652,-626,-5322,23128
1642966745,-491,-2375,2746,-650,-5410,21018
1642966746,-501,-2413,2697,-647,-5313,29244
1642966747,-597,-2325,2747,-612,-5350,29236
1642966748,-580,-2382,2708,-659,-5376,25318
1642966749,-594,-2358,2660,-638,-5374,19024
1642966750,-586,-2379,2775,-620,-5308,23385
1642966751,-611,-2481,2883,-272,-5502,29168
1642966752,-511,-2377,2694,1863,-6192,27232
1642966753,-541,-2347,2808,2350,-6338,29130
1642966754,-547,-2538,2844,2505,-6328,27083
1642966755,-552,-2260,2821,2502,-6402,14950
1642966756,-437,-2461,2742,2451,-6316,25229
1642966757,-590,-2070,2882,2380,-6406,25098
1642966758,-783,-2649,2764,2463,-6264,15367
1642966759,-547,-2238,2690,2400,-6114,14418
1642966760,-776,-2064,2609,2274,-6156,8458
1642966761,-814,-2248,2375,2255,-5833,15024
1642966762,-49,-1937,2376,2010,-5944,6800
1642966763,139,-1957,2219,1452,-5829,16742
1642966764,494,-2239,2303,600,-5806,12602
1642966765,-44,-2800,2564,-230,-5515,3595
1642966766,-442,-2937,2775,-1052,-5196,2792
1642966767,-444,-2578,2650,-1060,-5238,3533
1642966768,-604,-2357,3017,-1062,-4948,2672
1642966769,-322,-1327,3027,-1056,-5003,7658
1642966770,-985,-1829,3463,-1056,-4526,8740
1642966771,-402,-3070,2488,-1035,-4538,5362
1642966772,-558,-2787,2871,-1168,-4720,4664
1642966773,-623,-2368,3473,-1049,-4939,1673
1642966774,-263,-2313,3609,-962,-4912,1080
1642966775,-584,-3630,2672,-700,-5007,7722
1642966776,-583,-2638,2787,-892,-4952,10684
1642966777,-557,-2646,2746,-972,-5374,6858
1642966778,-528,-2449,2685,-1033,-4918,17225
1642966779,-425,-2532,2882,-1050,-5560,4822
1642966780,-566,-2134,2867,-989,-5096,17489
1642966781,-820,-1644,3115,-992,-4950,12908
1642966782,-351,-2630,2861,-954,-4935,5672
1642966783,-534,-2798,2658,-1994,-4676,-3098
1642966784,-333,-2920,3600,-2505,-4770,1821
1642966785,-1232,-4966,3322,-1752,-5174,5034
1642966786,-3850,-5514,3119,-1140,-5725,-3797
1642966787,-7325,-4637,4365,-780,-5276,4862
1642966788,-9112,-2874,4211,-682,-5108,-7648
1642966789,-9848,-2601,4041,-808,-4352,2736
1642966790,-8772,-2550,3939,-1150,-4824,16944
1642966791,-8339,-1952,3167,-1601,-5034,23096
1642966792,-6675,-304,2946,-1814,-4984,30984
1642966793,-4652,289,3215,-1921,-4953,22985
1642966794,-2467,207,3133,-1976,-4690,18934
1642966795,-921,-868,2701,-2176,-4809,21366
1642966796,-743,-2805,2633,-2834,-4578,16920
1642966797,-599,-2367,2950,-3004,-4578,13546
1642966798,-582,-2678,2864,-2726,-4634,21078
1642966799,-589,-2786,2771,-2752,-4881,21339
1642966800,-415,-2301,2695,-2974,-4780,23162
1642966801,-607,-2621,2910,-3905,-4670,19506
1642966802,-665,-2478,2859,-4258,-4458,19068
1642966803,-641,-2459,2898,-4443,-4375,23389
1642966804,-676,-2562,2898,-4664,-4402,13026
1642966805,-577,-2453,2853,-4442,-4456,23096
1642966806,-585,-2387,2963,-566,-5645,21379
1642966807,-516,-2256,2721,-624,-5516,23120
1642966808,-577,-2409,2832,-686,-5459,21422
1642966809,-566,-2515,2801,-770,-5578,25156
1642966810,-656,-2467,2693,-725,-5498,31195
1642966811,-593,-2326,2766,-656,-5502,21100
1642966812,-607,-2435,2790,-795,-5562,25340
1642966813,-591,-2409,2743,-746,-5494,27108
1642966814,-611,-2380,2868,-758,-5455,21407
1642966815,-600,-2356,2771,-744,-5322,25112
1642966816,-561,-2360,2819,-836,-5436,31168
1642966817,-590,-2394,2799,-651,-5443,23352
1642966818,-558,-2410,2836,-802,-5410,31186
1642966819,-566,-2473,2760,-721,-5389,23317
1642966820,-569,-2404,2834,-676,-5370,31118
1642966821,-563,-2351,2773,-754,-5397,21428
1642966822,-542,-2372,2857,-588,-5416,29152
1642966823,-624,-2601,2847,1233,-6105,25291
1642966824,-557,-2343,2910,2340,-6448,29130
1642966825,-533,-2498,2859,2552,-6417,31127
1642966826,-587,-2489,2753,2480,-6472,31098
1642966827,-574,-2220,2909,2496,-6510,23301
1642966828,-623,-2382,2696,2594,-6516,28892
1642966829,-376,-2245,2527,2510,-6338,25082
1642966830,-669,-2321,2401,2344,-6493,15202
1642966831,-558,-2072,2131,2162,-6232,16818
1642966832,-908,-2095,1322,1712,-6221,5657
1642966833,-356,-1809,1290,-870,-5544,25884
1642966834,-804,-1216,2810,-1324,-5021,11603
1642966835,-476,-2882,2823,-1188,-4996,18942
1642966836,-581,-2373,2623,-1056,-5019,15369
1642966837,-417,-2267,2852,-1118,-5104,10730
1642966838,-1145,-3784,2082,-1066,-5180,7635
1642966839,-2659,-4772,2625,-1248,-5584,4606
1642966840,-8792,-4291,2918,-942,-4782,12802
1642966841,-11471,-5478,3333,-663,-3331,-3892
1642966842,-11668,-3594,4317,-694,-3446,4712
1642966843,-11807,-3064,3930,-684,-3568,-2030
1642966844,-12181,-2658,4376,-666,-3182,2688
1642966845,-12182,-3542,4373,-878,-2748,-3754
1642966846,-12377,-2955,4818,-946,-2910,2900
1642966847,-13475,-3044,4562,-657,-2515,-15263
1642966848,-13281,-3439,4105,-896,-2072,3046
1642966849,-13347,-2959,4792,-1080,-2065,-3915
1642966850,-13312,-3301,4220,-1560,-1996,1020
1642966851,-12904,-3130,4753,-1239,-2230,6017
1642966852,-12064,-511,5045,-1146,-1832,-2974
1642966853,-6906,-917,4429,-845,-2674,4125
1642966854,-818,-816,3080,-1196,-4766,8980
1642966855,-631,-2091,3040,-1570,-5582,14586
1642966856,-614,-2735,3240,-828,-5992,15526
1642966857,-123,-2006,4080,-184,-5714,-9118
1642966858,-355,-2242,4397,217,-5727,-5668
1642966859,-343,-2573,3713,-728,-5598,-3082
1642966860,-567,-2367,3012,-979,-5151,5690
1642966861,-594,-2098,2712,-1122,-5242,10838
1642966862,-614,-2483,2805,-1066,-4910,11457
1642966863,-714,-2446,2962,-1096,-5222,19020
1642966864,-573,-2711,2721,-1140,-5009,7561
1642966865,-494,-2202,2975,-1122,-5264,12868
1642966866,-538,-2587,2940,-1080,-5228,17565
1642966867,-524,-2136,2502,-992,-5052,918
1642966868,-598,-2745,2919,-1306,-5418,6288
1642966869,-400,-2615,4285,-1142,-4964,3960
1642966870,-521,-3106,4066,-936,-5230,-12892
1642966871,-309,-2607,3847,-870,-5393,-15394
1642966872,-405,-2022,3210,-862,-5400,922
1642966873,-572,-2463,2875,-915,-5143,9475
1642966874,-437,-2189,2718,-976,-5106,628
1642966875,-460,-2584,2850,-1000,-5265,7497
1642966876,-538,-2782,2706,-984,-5350,8812
1642966877,-280,-2793,2569,-913,-5265,11440
1642966878,-2769,-3889,2796,-530,-5498,14652
1642966879,-4889,-5191,2423,224,-5584,4682
1642966880,-5949,-4425,2912,593,-5884,9375
1642966881,-6205,-2843,3369,848,-6216,4614
1642966882,-5884,-2063,3682,409,-6142,9454
1642966883,-5912,-2290,3594,-222,-5876,8902
1642966884,-5879,-2216,3666,-779,-5694,21352
1642966885,-5594,-2546,3483,-1074,-5836,13000
1642966886,-5510,-2297,3406,-1152,-6070,27194
1642966887,-5556,-2109,3490,-1046,-6118,16824
1642966888,-5460,-2629,3496,-1074,-6107,15402
1642966889,-5227,-2490,3231,-1136,-6348,20824
1642966890,-5130,-2100,3242,-876,-6522,23136
1642966891,-5099,-2340,2631,-400,-6782,26804
1642966892,-4942,-1819,2474,-868,-6664,22598
1642966893,-4629,-1220,2697,-1326,-6411,17130
1642966894,-4494,-259,3293,-1376,-6054,24766
1642966895,-4771,-740,3025,-1437,-5224,13670
1642966896,-4322,-1459,3258,-1510,-4990,14988
1642966897,-4487,-1807,3120,-1466,-5096,21265
1642966898,-3560,-1670,2947,-1896,-4582,17002
1642966899,-2246,-1323,3263,-2139,-4315,21441
1642966900,-1545,-1655,2898,-2750,-4218,16974
1642966901,-510,-2108,3054,-3234,-4047,17547
1642966902,-493,-2320,2816,-3322,-4352,21048
1642966903,-577,-2458,2644,-3592,-4168,8828
1642966904,-459,-2313,2644,-3909,-4064,15513
1642966905,-545,-2520,2781,-4302,-3930,21176
1642966906,-567,-2665,2901,-4010,-4216,9619
1642966907,-581,-2608,2589,-3748,-4274,23202
1642966908,-681,-2969,2608,-2602,-4716,15505
1642966909,-434,-1847,3080,-776,-5418,23138
1642966910,-559,-2584,2706,-665,-5366,25322
1642966911,-625,-2440,2794,-764,-5390,19018
1642966912,-514,-2397,2736,-777,-5259,23311
1642966913,-643,-2333,2790,-824,-5300,27128
1642966914,-661,-2433,2779,-706,-5486,25138
1642966915,-550,-2245,2699,-804,-5346,21354
1642966916,-569,-2106,2675,-744,-5366,25108
1642966917,-580,-2189,2484,-793,-5166,21391
1642966918,-566,-2393,2737,-822,-5186,25144
1642966919,-570,-2485,2719,-835,-5284,25328
1642966920,-624,-2367,2793,-742,-5300,31212
1642966921,-543,-2317,2717,-822,-5220,23375
1642966922,-578,-2271,2717,-770,-5204,31236
1642966923,-610,-2392,2680,-802,-5207,17427
1642966924,-548,-2340,2702,-772,-5220,29160
1642966925,-559,-2417,2794,-461,-5218,25427
1642966926,-534,-2341,2713,1734,-5998,25108
1642966927,-589,-2344,2778,2308,-6268,33170
1642966928,-577,-2445,2713,2336,-6244,23286
1642966929,-614,-2256,2598,2346,-6124,26976
1642966930,-680,-2343,2646,2274,-6184,21372
1642966931,-616,-2466,3068,2272,-6186,20926
1642966932,-535,-2346,2825,2373,-6196,15373
1642966933,-715,-2290,2553,2276,-6172,28896
1642966934,-74,-930,3151,1367,-5664,25239
1642966935,452,-264,3128,706,-5112,18996
1642966936,5534,-982,3156,-145,-5145,9714
1642966937,7947,612,3427,-216,-5538,13058
1642966938,9803,-1410,2758,50,-5630,13480
1642966939,9515,-1904,2891,-54,-5672,19012
1642966940,9190,-2294,2753,-323,-5096,1811
1642966941,10529,-2951,2402,-342,-5634,12420
1642966942,9604,-2932,3631,-376,-5971,-5837
1642966943,9285,-4406,2777,-308,-5838,916
1642966944,9111,-5921,2610,-370,-6800,1010
1642966945,4372,-5415,3042,-40,-7268,9729
1642966946,472,-3542,2601,0,-5835,9559
1642966947,-836,-3701,2450,82,-5800,23042
1642966948,-380,-2098,3041,294,-5604,14906
1642966949,-576,-2086,3064,612,-5833,13457
1642966950,-613,-2024,2658,558,-5604,20986
1642966951,-726,-2475,2811,581,-5684,17380
1642966952,-443,-2150,2593,480,-5562,14810
1642966953,-624,-2385,2767,133,-5428,7606
1642966954,-786,-2873,2791,-192,-5426,12702
1642966955,-506,-2495,2844,-166,-5630,17495
1642966956,78,-785,3015,-85,-5306,17349
1642966957,3801,-787,2954,-178,-4908,15118
1642966958,8436,-1018,2929,-172,-6239,19178
1642966959,10682,-1910,2489,94,-6846,14636
1642966960,11710,-2441,1508,226,-7127,15195
1642966961,11459,-1943,1909,304,-7096,16464
1642966962,11419,-3056,954,554,-7382,20556
1642966963,11546,-4362,769,-989,-7311,11110
1642966964,10501,-4768,452,-1738,-7940,22436
1642966965,4224,-3632,1353,-2323,-7776,13143
1642966966,-245,-1972,2678,-2022,-4792,2778
1642966967,-499,-2324,3014,-1627,-5123,23152
1642966968,-853,-2881,2325,-1602,-4936,10688
1642966969,-408,-1670,2520,-2110,-4518,7825
1642966970,-783,-2752,2904,-2196,-4680,12750
1642966971,-475,-2564,2759,-3213,-4402,1821
1642966972,-524,-2147,2904,-3302,-4332,10950
1642966973,-690,-2171,2576,-3478,-4260,12856
1642966974,-431,-2547,2717,-3459,-4466,19525
1642966975,-544,-2215,2681,-3620,-4368,17034
1642966976,-582,-2379,2676,-3909,-4163,11657
1642966977,-703,-2452,2868,-4518,-4126,19104
1642966978,-604,-2509,2759,-3432,-4452,15557
1642966979,-552,-2581,2595,-3684,-4472,15072
1642966980,-584,-2604,2981,-1559,-5100,23282
1642966981,-443,-1883,2675,-664,-5348,19002
1642966982,-596,-2269,2710,-568,-5333,25351
1642966983,-583,-2423,2684,-660,-5394,21110
1642966984,-556,-2336,2788,-620,-5312,27150
1642966985,-685,-2367,2687,-558,-5344,21407
1642966986,-574,-2258,2702,-594,-5382,23100
1642966987,-621,-2233,2704,-614,-5302,31199
1642966988,-628,-2329,2611,-662,-5314,29136
1642966989,-623,-2262,2689,-607,-5255,29298
1642966990,-621,-2348,2663,-670,-5310,23120
1642966991,-480,-2376,2742,-585,-5358,27314
1642966992,-568,-2258,2694,-664,-5310,25112
1642966993,-606,-2321,2654,-651,-5300,23377
1642966994,-562,-2271,2658,-744,-5234,27144
1642966995,-513,-2298,2616,-668,-5288,23094
1642966996,-595,-2575,2878,768,-5645,29302
1642966997,-552,-2233,2806,2466,-6286,29066
1642966998,-497,-2252,2752,2569,-6219,27172
1642966999,-462,-2338,2628,2500,-6336,22978
1642967000,-601,-2314,2605,2404,-6250,29216
1642967001,-491,-2370,2747,2454,-6312,26964
1642967002,-617,-2384,2735,2461,-6279,21242
1642967003,-625,-2422,2546,2446,-6310,16830
1642967004,-644,-2099,2316,2540,-6280,18874
1642967005,-725,-2084,2118,2369,-6054,19048
1642967006,-681,-2265,1324,1566,-6118,6788
1642967007,-569,-1918,1405,-919,-5209,14950
1642967008,-740,-1699,2039,-1140,-5088,16710
1642967009,-505,-2455,2718,-1276,-5147,13288
1642967010,-560,-2385,2629,-1156,-5260,15078
1642967011,-580,-2480,2355,-1132,-5081,17169
1642967012,-464,-2381,2655,-1568,-5188,4744
1642967013,-756,-2054,2970,-1675,-5024,9526
1642967014,-671,-3099,2412,-1916,-4828,6770
1642967015,-338,-2067,2986,-2358,-5256,16798
1642967016,-322,-1616,2473,-1832,-4933,1801
1642967017,-907,-2735,2760,-2110,-4912,4732
1642967018,-661,-2432,2850,-2387,-4594,16917
1642967019,-511,-2573,3680,-2402,-4910,900
1642967020,-351,-2535,3642,-2439,-4881,-3954
1642967021,-636,-2716,3815,-2274,-4900,-1168
1642967022,-202,-2217,3150,-2358,-4840,-81
1642967023,-448,-1908,2895,-2398,-4886,10900
1642967024,-1247,-2427,2730,-2527,-4625,3708
1642967025,-1815,-3177,2660,-2134,-4766,14928
1642967026,-2888,-3269,3021,-2120,-4616,21076
1642967027,-2875,-2753,2929,-2086,-4592,-7786
1642967028,-2516,-2368,2708,-2774,-4898,22648
1642967029,-2517,-2360,2923,-2893,-5083,13606
1642967030,-2076,-1926,3002,-2746,-4712,6772
1642967031,-2191,-2430,2667,-2796,-5044,27205
1642967032,-1846,-2203,2913,-2832,-5074,18988
1642967033,-1944,-2450,2513,-2643,-5213,29280
1642967034,-1948,-2086,2779,-3112,-5046,20930
1642967035,-1514,-2310,2998,-3595,-4734,17541
1642967036,-1315,-2390,2766,-4190,-4794,14948
1642967037,-1120,-2444,2920,-4476,-4774,31250
1642967038,-901,-2578,2724,-3721,-5096,21428
1642967039,-761,-2406,2609,-3866,-5036,19030
1642967040,-654,-2384,2646,-884,-6012,21277
1642967041,-465,-2017,2815,-932,-6134,31144
1642967042,-555,-2101,2647,-837,-5858,23299
1642967043,-558,-2227,2738,-912,-5898,33240
1642967044,-589,-2329,2661,-837,-5952,31177
1642967045,-576,-2230,2672,-866,-5906,27106
1642967046,-617,-2282,2607,-950,-5846,31188
1642967047,-564,-2271,2605,-965,-5831,29195
1642967048,-519,-2129,2590,-814,-5864,31138
1642967049,-545,-2259,2682,-864,-5841,33093
1642967050,-569,-2298,2674,-806,-5884,27080
1642967051,-598,-2362,2617,-814,-5843,31235
1642967052,-554,-2277,2706,-882,-5868,25070
1642967053,-530,-2172,2656,-944,-5893,31230
1642967054,-609,-2255,2629,-894,-5884,29244
1642967055,-563,-2236,2633,-866,-5839,31136
1642967056,-613,-2333,2699,-268,-6052,29116
1642967057,-783,-2382,2713,1838,-6820,31180
1642967058,-869,-2258,2732,2259,-6977,33113
1642967059,-1188,-2303,2787,2442,-6944,28936
1642967060,-1515,-2154,2626,2402,-6712,33132
1642967061,-1534,-2171,2805,2214,-6672,31030
1642967062,-1711,-2238,2549,2189,-6409,27229
1642967063,-2181,-2204,2861,2210,-6580,22912
1642967064,-2254,-2125,2847,2323,-6180,19392
1642967065,-2321,-1861,2989,2202,-6140,14670
1642967066,-1225,-1720,2536,2228,-6017,21253
1642967067,-1107,-2035,2735,1820,-6118,10758
1642967068,-553,-2599,2566,1346,-5962,18934
1642967069,-371,-2157,3152,1367,-6132,11273
1642967070,-503,-1591,2800,1302,-5838,2734
1642967071,-804,-1872,2728,-461,-5046,7616
1642967072,-558,-3610,3279,-1010,-5014,6766
1642967073,-298,-3027,2962,-1006,-5672,1741
1642967074,-784,-1893,3297,-920,-5434,10844
1642967075,-255,-2161,3234,-907,-5294,3737
1642967076,-753,-656,2921,-852,-5262,888
1642967077,1886,1010,3208,-777,-4466,13125
1642967078,6663,396,3482,-740,-4712,6918
1642967079,10129,288,3465,-558,-6134,4892
1642967080,9100,-1082,2389,-151,-5116,5740
1642967081,10563,-4473,3596,428,-5684,6638
1642967082,9294,-1060,1702,841,-5568,5645
1642967083,10140,-3562,2525,284,-5396,12518
1642967084,10519,-3744,3091,73,-5948,-3962
1642967085,9852,-5586,1922,222,-6164,12830
1642967086,7431,-5640,1089,-211,-7268,19118
1642967087,1643,-4870,1457,-250,-6182,8580
1642967088,-654,-5083,1562,-38,-5331,13352
1642967089,-372,-2925,2646,-58,-6372,12732
1642967090,-698,-1970,2598,277,-6041,15160
1642967091,-354,-2050,2731,74,-6120,10864
1642967092,-645,-2123,2658,-182,-5938,13121
1642967093,-935,-1831,3315,-110,-5896,800
1642967094,-569,-2275,1985,-474,-5592,8382
1642967095,-659,-2868,3255,-626,-5775,3712
1642967096,-384,-2109,3911,-476,-5738,-1202
1642967097,-578,-2497,2577,-535,-5765,7561
1642967098,-577,-2526,2708,-816,-5698,10818
1642967099,-475,-1518,2601,-742,-5436,11318
1642967100,-710,-2225,2277,-1082,-5506,16964
1642967101,-732,-2441,2402,-861,-5407,13424
1642967102,-408,-1906,1830,-810,-5316,10826
1642967103,-719,-1472,1284,-1307,-5438,23028
1642967104,-616,-1656,2035,-1924,-4982,20398
1642967105,-784,-2519,2309,-1887,-5067,7707
1642967106,-501,-2122,2252,-1828,-5030,24926
1642967107,-626,-1856,2463,-1570,-5000,6788
1642967108,-775,-2268,2379,-1916,-5071,15573
1642967109,-589,-2101,2629,-2416,-4682,8972
1642967110,-582,-2147,2677,-2449,-4635,9501
1642967111,-664,-2570,2848,-2860,-4620,21080
1642967112,-577,-2486,2683,-3359,-4578,11591
1642967113,-521,-2209,2729,-3180,-4600,19008
1642967114,-643,-2235,2664,-3688,-4544,17462
1642967115,-632,-2456,2880,-4126,-4216,21076
1642967116,-711,-2484,2855,-4431,-4286,19516
1642967117,-684,-2416,2648,-3610,-4662,25234
1642967118,-591,-2386,2472,-3718,-4704,18992
1642967119,-539,-2192,2759,-641,-5566,17421
1642967120,-555,-2287,2618,-614,-5550,16942
1642967121,-548,-2146,2644,-628,-5449,21358
1642967122,-596,-2218,2584,-646,-5410,29128
1642967123,-567,-2007,2525,-630,-5381,29255
1642967124,-604,-2310,2519,-564,-5374,25088
1642967125,-584,-2092,2697,-630,-5329,25324
1642967126,-567,-2240,2527,-542,-5358,21082
1642967127,-559,-2213,2668,-668,-5346,23050
1642967128,-545,-2224,2595,-636,-5308,23381
1642967129,-587,-2342,2676,-640,-5340,25144
1642967130,-563,-2375,2708,-640,-5325,23392
1642967131,-601,-2183,2621,-658,-5400,19034
1642967132,-581,-2241,2633,-641,-5300,27302
1642967133,-528,-2218,2641,-652,-5280,21032
1642967134,-554,-2256,2636,-566,-5352,23422
1642967135,-664,-2654,2737,242,-5672,23002
1642967136,-626,-2182,2697,2327,-6380,27207
1642967137,-687,-2220,2580,2456,-6360,31000
1642967138,-612,-2355,2550,2578,-6328,27004
1642967139,-487,-2352,2585,2560,-6401,29112
1642967140,-501,-2288,2548,2504,-6474,25040
1642967141,-715,-2392,2541,2368,-6491,23245
1642967142,-671,-1943,2869,2306,-6304,20910
1642967143,-611,-2374,2606,2284,-6683,21376
1642967144,-679,-2722,2594,2240,-6406,20890
1642967145,-604,-1921,3014,2278,-6242,17188
1642967146,-779,-1846,2967,1688,-6086,20798
1642967147,-339,-2636,3854,1565,-6081,-159
1642967148,-594,-2787,3529,1636,-6376,8840
1642967149,-444,-2434,3394,1890,-6222,2866
1642967150,-437,-2489,2952,1632,-6444,3729
1642967151,-464,-2156,3467,1678,-6148,4512
1642967152,-635,-2533,2765,1518,-5781,11333
1642967153,-640,-2222,2268,1400,-6280,8450
1642967154,-574,-2377,2553,614,-5552,7489
1642967155,-884,-2019,2466,-802,-5290,8542
1642967156,-400,-2303,2592,-899,-5486,3584
1642967157,-503,-2245,2674,-836,-5178,4644
1642967158,-667,-2249,2519,-777,-5261,7321
1642967159,-628,-2356,2561,-482,-5576,4576
1642967160,-629,-2152,2349,-166,-5610,15187
1642967161,-655,-3163,2379,-478,-5644,6788
1642967162,-1485,-3862,2601,-264,-5890,16776
1642967163,-2813,-3693,2014,-133,-6157,3591
1642967164,-2995,-2803,3110,-60,-6094,12520
1642967165,-2960,-802,3062,180,-6237,9526
1642967166,-1635,-77,2934,130,-5614,16852
1642967167,-1211,-1003,1812,164,-5488,15071
1642967168,-752,-2047,1642,274,-5558,22728
1642967169,-465,-1815,1520,-87,-5608,20986
1642967170,-710,-1957,2323,-1080,-5456,18724
1642967171,-499,-2424,2598,-1002,-5321,3500
1642967172,-760,-2337,2245,-1016,-5480,16786
1642967173,-498,-2271,2502,-987,-5416,13509
1642967174,-464,-2255,3003,-902,-5412,12900
1642967175,-632,-1961,2133,-1483,-5315,11467
1642967176,-537,-2216,3108,-1512,-5136,862
1642967177,-529,-2278,2713,-1600,-5127,3665
1642967178,-592,-2675,2134,-1690,-5456,18784
1642967179,-475,-2025,2961,-1668,-5362,18974
1642967180,-766,-1928,2444,-1460,-5393,3700
1642967181,-438,-2276,2690,-1626,-5056,20994
1642967182,-548,-1782,2444,-2207,-4809,21282
1642967183,-752,-2518,2487,-2274,-4938,18944
1642967184,-680,-2225,2202,-3073,-4703,19326
1642967185,-611,-2404,2706,-3658,-4484,10912
1642967186,-643,-2156,2671,-2643,-4879,13573
1642967187,-511,-2479,2671,-2756,-4824,21044
1642967188,-539,-2111,2759,-3008,-4682,16994
1642967189,-544,-2277,2666,-3838,-4452,21407
1642967190,-519,-2162,2512,-4096,-4414,23204
1642967191,-584,-2327,2677,-3919,-4386,21430
1642967192,-638,-2611,2545,-3320,-4786,19016
1642967193,-644,-2341,2578,-3628,-4801,15480
1642967194,-761,-2114,2094,-754,-5624,16852
1642967195,-507,-2024,3030,-777,-5449,27285
1642967196,-572,-2162,2610,-704,-5438,27182
1642967197,-599,-2286,2628,-665,-5356,25351
1642967198,-598,-2227,2555,-784,-5382,27072
1642967199,-723,-2164,2635,-724,-5368,29090
1642967200,-596,-2357,2571,-721,-5408,21418
1642967201,-512,-2229,2681,-712,-5370,25072
1642967202,-567,-2440,2636,-806,-5424,23371
1642967203,-634,-2299,2594,-688,-5542,33196
1642967204,-527,-2291,2570,-832,-5453,29269
1642967205,-599,-1947,2740,-750,-5440,29168
1642967206,-539,-2042,2689,-816,-5339,23441
1642967207,-624,-2404,2449,-840,-5456,27130
1642967208,-595,-2311,2601,-764,-5379,23385
1642967209,-659,-2117,2645,-698,-5342,29084
1642967210,-507,-2223,2625,-788,-5378,25114
1642967211,-542,-2272,2636,-771,-5377,33192
1642967212,-577,-2247,2670,-802,-5286,19100
1642967213,-546,-2363,2610,-777,-5300,29257
1642967214,-587,-2278,2616,-702,-5354,23018
1642967215,-597,-2179,2426,-901,-5335,29290
1642967216,-67,-2965,2736,-840,-5408,27056
1642967217,-344,-2289,2885,-364,-5713,25345
1642967218,-523,-2370,2819,1608,-6330,27040
1642967219,-554,-2249,2579,2446,-6498,31122
1642967220,-546,-2212,2613,2402,-6423,31218
1642967221,-547,-2323,2536,2434,-6652,29124
1642967222,-527,-2067,2555,2393,-6524,23249
1642967223,-642,-2443,2576,2384,-6520,29090
1642967224,-598,-2025,2556,2305,-6559,31107
1642967225,-449,-1671,2692,2246,-6452,24798
1642967226,-968,-2427,2669,2346,-6541,17212
1642967227,-654,-2352,2070,2266,-6336,8712
1642967228,-755,-1959,2738,2117,-6291,19128
1642967229,-371,-2476,2727,1876,-6308,2748
1642967230,-215,-2471,2349,1598,-6314,8378
1642967231,-635,-1956,2403,128,-5959,13226
1642967232,-1024,-2585,2333,-844,-5268,6776
1642967233,-89,-2333,3084,-1010,-6064,11246
1642967234,-846,-1914,2828,-426,-5564,-1242
1642967235,-332,-2575,2660,19,-6167,-457
1642967236,-782,-3651,2364,-220,-5992,14828
1642967237,-2909,-4273,2368,-1014,-5814,13401
1642967238,-5634,-3232,2580,-898,-5132,10702
1642967239,-5452,-2075,3664,-1138,-4900,7497
1642967240,-4041,-958,4502,-1094,-5038,934
1642967241,-1000,-571,4813,-1002,-5490,131
1642967242,-898,-763,4140,-778,-5476,5026
1642967243,-379,-2874,3100,-692,-5253,5663
1642967244,-657,-3158,2467,-298,-5814,10928
1642967245,-525,-2387,2731,228,-6136,17243
1642967246,-511,-1470,2400,730,-6050,14798
1642967247,-540,-1586,1573,954,-5872,13088
1642967248,-767,-2131,1778,1254,-6018,10122
1642967249,-718,-1892,1844,1504,-6014,7197
1642967250,-685,-2830,2404,1160,-6130,10016
1642967251,-512,-2049,2646,907,-6035,-1910
1642967252,-319,-2930,3600,650,-6102,2922
1642967253,-603,-2254,4205,-442,-5486,-89
1642967254,-474,-3094,3650,-768,-5610,3094
1642967255,-376,-2287,2688,-758,-5910,762
1642967256,-603,-2296,2567,-1223,-5377,13253
1642967257,-495,-2117,2858,-1000,-5308,4784
1642967258,-584,-1832,2802,-1605,-5292,9219
1642967259,-630,-2089,2224,-1512,-5252,2822
1642967260,-641,-1957,1750,-1559,-5199,25107
1642967261,-597,-2082,1743,-1546,-5254,20808
1642967262,-696,-1873,1492,-1898,-5337,19273
1642967263,-500,-1482,1537,-2224,-4912,24906
1642967264,-661,-2309,2412,-2517,-4887,21176
1642967265,-531,-2454,2177,-2344,-4926,10810
1642967266,-501,-2148,2815,-2384,-5012,14906
1642967267,-597,-1981,2477,-2174,-5143,1759
1642967268,-575,-2072,2356,-2724,-4794,20920
1642967269,-585,-2329,2569,-2959,-4772,9619
1642967270,-559,-2286,2750,-3442,-4654,10942
1642967271,-636,-2238,2689,-3735,-4627,17570
1642967272,-633,-2422,2481,-3870,-4482,21034
1642967273,-682,-2777,2900,-4330,-4586,15534
1642967274,-593,-2367,2795,-3892,-4892,23154
1642967275,-616,-2461,2476,-3465,-4873,19494
1642967276,-726,-2150,2490,-2114,-5340,20988
1642967277,-501,-1847,2458,-672,-5788,19026
1642967278,-606,-2150,2440,-667,-5690,31220
1642967279,-652,-2224,2517,-590,-5680,25074
1642967280,-593,-2030,2675,-640,-5661,29218
1642967281,-598,-2136,2547,-590,-5536,25190
1642967282,-658,-2229,2514,-630,-5432,19395
1642967283,-697,-2119,2580,-590,-5560,24992
1642967284,-623,-2212,2541,-597,-5474,17473
1642967285,-494,-2079,2604,-618,-5468,23148
1642967286,-567,-2346,2432,-603,-5395,27207
1642967287,-646,-2285,2639,-648,-5424,29188
1642967288,-605,-2121,2562,-618,-5410,31218
1642967289,-610,-2147,2461,-686,-5438,21410
1642967290,-594,-2172,2470,-604,-5444,27128
1642967291,-563,-2202,2534,-651,-5474,29257
1642967292,-519,-2300,2532,-660,-5436,23030
1642967293,-624,-2212,2560,-680,-5486,19529
1642967294,-538,-2217,2620,-560,-5464,25126
1642967295,-533,-2253,2631,-709,-5438,23406
1642967296,-604,-2158,2512,-674,-5394,27144
1642967297,-538,-2215,2557,-660,-5396,21060
1642967298,-665,-2452,2713,851,-5967,25270
1642967299,-584,-2156,2620,2326,-6442,29062
1642967300,-614,-2254,2517,2464,-6419,31169
1642967301,-614,-2402,2542,2540,-6606,29046
1642967302,-677,-2159,2467,2373,-6487,25148
1642967303,-595,-2086,2624,2458,-6508,29038
1642967304,-609,-2068,2634,2472,-6528,25212
1642967305,-602,-1935,2552,2420,-6402,20894
1642967306,-701,-2026,2495,2482,-6345,23034
1642967307,-619,-2247,1906,2252,-6318,14810
1642967308,-635,-2241,2257,2304,-6412,12512
1642967309,-634,-1883,1277,1780,-6229,17111
1642967310,-571,-1932,1529,-4,-5494,24428
1642967311,-452,-2106,2223,-1130,-5193,15321
1642967312,-771,-1932,2545,-1244,-5350,6588
1642967313,-587,-2006,2361,-1037,-5374,-224
1642967314,-574,-2401,2585,-984,-5084,10664
1642967315,-463,-2162,2606,-1039,-5348,5505
1642967316,-728,-2210,2454,-1182,-5030,16628
1642967317,-366,-2536,2671,-899,-5794,577
1642967318,-691,-1938,2457,-896,-5332,4504
1642967319,-498,-2205,2763,-1192,-5478,4604
1642967320,-612,-2172,2689,-1078,-5067,13197
1642967321,-604,-2338,2493,-1030,-5290,10826
1642967322,-348,-2361,2557,-1248,-5504,-4305
1642967323,-502,-1576,2723,-1404,-5082,12450
1642967324,-434,-1892,2377,-2732,-4988,3578
1642967325,-415,-2317,2496,-2080,-4418,2958
1642967326,-671,-2778,2914,-2267,-4974,6948
1642967327,-670,-2147,2534,-1954,-5032,4608
1642967328,-494,-2562,2446,-1819,-4962,5438
1642967329,-670,-2318,2770,-2074,-5072,2600
1642967330,-382,-1821,2640,-2166,-5042,-1260
1642967331,-459,-2428,2827,-2515,-4749,11023
1642967332,-582,-1735,2396,-2518,-4548,12426
1642967333,-664,-2909,2705,-2682,-4728,3562
1642967334,-632,-2136,2940,-3436,-4502,6880
1642967335,-359,-2697,3621,-3116,-4772,-172
1642967336,-588,-2321,3225,-2726,-4860,8656
1642967337,-473,-2711,3237,-2598,-5317,-3603
1642967338,-442,-2011,2780,-2208,-5010,4776
1642967339,-584,-1835,2912,-2396,-4926,8850
1642967340,-469,-2039,2654,-2476,-4924,5562
1642967341,-482,-2339,2804,-2612,-4888,8838
1642967342,-690,-2685,2458,-2488,-4881,1696
1642967343,-418,-2006,2315,-2254,-4946,10852
1642967344,-816,-2023,2604,-2146,-5135,11500
1642967345,-618,-2223,2564,-2564,-4834,12842
1642967346,-544,-2457,2343,-2852,-5005,17398
1642967347,-391,-2614,2386,-3216,-4676,13112
1642967348,-664,-2074,2748,-3444,-4994,18918
1642967349,-571,-2268,2583,-3679,-4617,15517
1642967350,-594,-2270,2640,-4058,-4682,23112
1642967351,-514,-2080,2718,-3863,-4732,19494
1642967352,-549,-2333,2448,-3452,-4830,21000
1642967353,-561,-2505,2609,-3795,-4842,23369
1642967354,-648,-2175,2632,-1208,-5610,16934
1642967355,-617,-2003,2546,-659,-5868,17427
1642967356,-563,-2021,2570,-640,-5668,25116
1642967357,-603,-2283,2556,-676,-5709,27201
1642967358,-604,-2356,2484,-692,-5790,29146
1642967359,-564,-2283,2617,-606,-5822,31208
1642967360,-617,-2061,2529,-649,-5692,27314
1642967361,-619,-2103,2552,-654,-5756,29218
1642967362,-551,-2171,2497,-661,-5779,33161
1642967363,-474,-2180,2611,-684,-5618,23062
1642967364,-535,-2210,2550,-678,-5696,25299
1642967365,-685,-2322,2510,-554,-5754,29108
1642967366,-671,-2179,2651,-671,-5781,33136
1642967367,-506,-2091,2462,-638,-5620,29108
1642967368,-599,-2142,2559,-736,-5670,29140
1642967369,-578,-2203,2591,-643,-5606,27250
1642967370,-670,-2126,2483,-666,-5512,29114
1642967371,-567,-2234,2614,-612,-5595,31222
1642967372,-574,-2193,2588,-618,-5668,27120
1642967373,-558,-2131,2478,-651,-5583,23352
1642967374,-597,-2199,2590,-728,-5554,25046
1642967375,-610,-2299,2640,-32,-5870,29220
1642967376,-766,-2723,2555,2018,-6710,29044
1642967377,-682,-2350,2588,2406,-6873,31092
1642967378,-693,-2289,2551,2474,-6872,28922
1642967379,-612,-1778,2792,2378,-6696,26912
1642967380,-439,-2339,2437,2294,-6735,25122
1642967381,-542,-2218,2431,2382,-6736,28896
1642967382,-827,-2073,2581,2346,-6784,25126
1642967383,-460,-1893,2450,2326,-6604,12752
1642967384,-766,-2462,2250,2261,-6656,16998
1642967385,-565,-1975,2569,2230,-6566,24542
1642967386,-734,-1840,2226,1342,-6568,11217
1642967387,-476,-3004,2596,1058,-6394,12954
1642967388,-369,-2360,2478,-56,-6286,22956
1642967389,-1413,-1876,2834,-659,-5829,13414
1642967390,-2133,-3923,3451,-710,-5344,4868
1642967391,-3508,-4558,3735,-463,-6058,5833
1642967392,-2607,-2869,3514,-216,-6516,8778
1642967393,-3822,-1974,3700,399,-6405,3653
1642967394,-2308,-690,2833,498,-6166,12620
1642967395,-1504,1033,4059,1200,-6012,5471
1642967396,-2535,-1195,2674,1602,-5880,6592
1642967397,-4069,-2042,2470,2158,-4492,4300
1642967398,-3282,-2412,3295,1809,-4590,5323
1642967399,-3205,-2684,2511,1930,-4680,10100
1642967400,-162,-2616,1053,1452,-6467,12765
1642967401,-963,-766,586,1032,-5874,16046
1642967402,-449,-2018,1356,878,-6429,-3562
1642967403,-138,1076,1836,738,-5874,26382
1642967404,2636,1039,1748,721,-5965,14654
1642967405,4951,1449,2306,-794,-5334,14260
1642967406,6137,-1034,2895,-1419,-5626,-506
1642967407,6480,-2510,2534,-1596,-5876,-3270
1642967408,5602,-4017,2933,-1700,-6086,-2664
1642967409,3622,-6336,3285,-1468,-6035,-5979
1642967410,1111,-5732,3117,-1012,-5796,-15074
1642967411,-298,-3142,2957,-923,-5969,-32
1642967412,-645,-2209,2442,-938,-5116,8630
1642967413,-690,-2206,2636,-678,-5368,21315
1642967414,-447,-2023,2498,-278,-5614,10732
1642967415,-589,-2325,2540,-50,-5616,21366
1642967416,-1188,-3288,2424,90,-5890,-1124
1642967417,-3496,-5761,1802,329,-5686,7584
1642967418,-5336,-1561,3162,-246,-4162,12934
1642967419,-3459,-94,3485,-810,-4116,712
1642967420,-1019,-248,3233,-1064,-5143,15379
1642967421,-536,-2331,2500,-936,-5374,8942
1642967422,-548,-2417,2441,-969,-5284,17440
1642967423,-630,-2171,2485,-996,-5124,8714
1642967424,-376,-1741,2832,-1167,-5312,9373
1642967425,1201,965,3250,-1090,-5290,12722
1642967426,3562,1522,3506,-1113,-5697,17181
1642967427,5080,-791,2538,-1102,-5320,12848
1642967428,5187,-2714,2253,-800,-5622,23104
1642967429,3886,-6105,1221,-1062,-6042,6666
1642967430,1260,-5264,1619,-778,-5538,26732
1642967431,-1092,-5593,1761,-841,-5711,13310
1642967432,-3539,-5379,1970,-822,-5482,12864
1642967433,-5392,-5263,2857,-1014,-5459,6027
1642967434,-6134,-2111,4267,-970,-5182,4918
1642967435,-5069,-171,4585,-64,-5600,5808
1642967436,-3141,969,4570,-448,-5230,-2806
1642967437,-986,-81,4127,-512,-5121,5792
1642967438,-469,-2361,3197,-518,-5702,6912
1642967439,-644,-1884,2449,-498,-5447,9524
1642967440,-504,-2345,2562,-426,-5446,4604
1642967441,-703,-2346,2409,-500,-5584,8758
1642967442,-613,-1963,2664,147,-5837,5379
1642967443,-569,-2320,2432,26,-5570,8622
1642967444,-614,-2269,2534,816,-5901,9010
1642967445,-657,-2247,2542,886,-6124,14800
1642967446,-575,-2257,2517,1130,-6093,15129
1642967447,-538,-1700,2486,928,-6156,8568
1642967448,-574,-2117,2536,744,-5818,11320
1642967449,-628,-1992,2614,-498,-5500,634
1642967450,-436,-2504,2478,-762,-5397,9260
1642967451,-589,-2145,2649,-916,-5316,14532
1642967452,-358,-2273,2569,-732,-5046,24264
1642967453,-528,-2115,2611,73,-5513,9161
1642967454,-703,-2135,2432,-214,-5632,-5208
1642967455,-555,-2182,2203,-736,-5494,10907
1642967456,-561,-1958,2006,-906,-5304,8574
1642967457,-837,-1995,1857,-1064,-5290,7360
1642967458,-455,-1949,1639,-1066,-5388,2612
1642967459,-669,-1853,1807,-1324,-5063,11209
1642967460,-663,-2064,1853,-1858,-5080,2452
1642967461,-642,-2107,2054,-2294,-4869,3411
1642967462,-594,-2109,2157,-2906,-4838,8542
1642967463,-561,-2266,2404,-3218,-4748,20854
1642967464,-613,-2358,2738,-2911,-4765,15305
1642967465,-738,-2200,2561,-2728,-4870,18992
1642967466,-582,-2177,2445,-2261,-5112,21255
1642967467,-571,-2105,2523,-2372,-5004,15004
1642967468,-670,-2003,2414,-2709,-4993,23307
1642967469,-695,-2201,2558,-2414,-5054,16878
1642967470,-562,-2153,2495,-2757,-4968,15435
1642967471,-648,-2053,2449,-2980,-4816,14978
1642967472,-657,-2212,2441,-3136,-4872,19032
1642967473,-516,-2114,2572,-2868,-4986,25289
1642967474,-541,-2275,2459,-1808,-5352,23142
1642967475,-729,-2124,2315,-2094,-5306,21443
1642967476,-660,-2157,2511,-2954,-4944,19066
1642967477,-624,-2389,2430,-2602,-4928,19424
1642967478,-622,-2371,2456,-3616,-4766,12988
1642967479,-571,-2262,2605,-4088,-4780,17427
1642967480,-628,-1950,2535,-630,-5804,20886
1642967481,-624,-2029,2400,-590,-5784,23034
1642967482,-639,-2098,2498,-574,-5758,27295
1642967483,-667,-2227,2432,-650,-5830,31138
1642967484,-667,-1975,2504,-626,-5754,23346
1642967485,-639,-2141,2538,-646,-5680,25038
1642967486,-628,-2200,2491,-645,-5748,23391
1642967487,-614,-2086,2499,-588,-5724,31220
1642967488,-595,-1918,2490,-647,-5581,27291
1642967489,-610,-2004,2502,-592,-5612,27084
1642967490,-661,-2167,2471,-582,-5484,27082
1642967491,-498,-1938,2417,-628,-5294,31179
1642967492,-576,-2370,2406,-616,-5530,29176
1642967493,-593,-2151,2560,-585,-5401,25293
1642967494,-573,-2146,2443,-608,-5546,23118
1642967495,-562,-2057,2416,-616,-5502,31247
1642967496,-613,-2227,2526,-630,-5544,27134
1642967497,-633,-2261,2524,-577,-5546,27273
1642967498,-666,-2039,2418,-562,-5578,25050
1642967499,-615,-2228,2423,-649,-5540,33196
1642967500,-596,-2176,2453,-548,-5590,29166
1642967501,-646,-2161,2402,-594,-5512,27142
1642967502,-658,-2297,2677,808,-6095,31166
1642967503,-584,-2080,2514,2558,-6440,31110
1642967504,-596,-2196,2475,2550,-6590,29154
1642967505,-575,-2174,2491,2614,-6600,33078
1642967506,-646,-2208,2488,2653,-6592,29139
1642967507,-660,-2089,2496,2618,-6582,18950
1642967508,-652,-2084,2473,2534,-6611,25227
1642967509,-578,-2085,2483,2576,-6526,20834
1642967510,-732,-2178,2442,2392,-6644,20944
1642967511,-1964,-1855,2577,2443,-6306,17194
1642967512,-2387,-2127,2582,2492,-5924,10944
1642967513,-1298,-2357,2545,2205,-5812,19304
1642967514,-492,-2078,2423,1794,-6454,14654
1642967515,-663,-2160,2438,1421,-6448,7400
1642967516,-605,-2039,2167,1482,-6174,6766
1642967517,-495,-2207,2488,1254,-6279,5306
1642967518,136,-2436,2411,1060,-6118,8638
1642967519,1150,-2415,2528,832,-6898,18446
1642967520,477,-1308,2450,657,-6718,7309
1642967521,-596,-2025,2375,888,-5948,12620
1642967522,-635,-2173,2418,880,-5959,17212
1642967523,-585,-2071,2282,648,-5954,13124
1642967524,-500,-2097,2578,-288,-5663,13374
1642967525,-363,-2421,3472,-1010,-5488,6920
1642967526,-555,-2409,3460,-816,-5527,-5926
1642967527,-439,-2481,3218,-398,-5660,10976
1642967528,-678,-2087,2326,-4,-5712,14852
1642967529,-557,-2391,2471,242,-6089,13461
1642967530,-571,-1390,2675,506,-5986,8834
1642967531,-606,-2483,2289,-294,-5661,15352
1642967532,-625,-2232,2482,-680,-5554,18736
1642967533,-615,-2184,2416,-632,-5653,5632
1642967534,-537,-1976,2579,-542,-5558,12786
1642967535,-633,-1878,2534,-480,-5573,5428
1642967536,-692,-2236,2357,-714,-5446,10696
1642967537,-567,-2123,2530,-777,-5525,9214
1642967538,-564,-2178,2308,-954,-5452,10426
1642967539,-534,-2022,2613,-1668,-5052,12572
1642967540,-431,-2388,3337,-934,-5350,1731
1642967541,-18,-2290,2830,-1138,-5788,2700
1642967542,-104,-1857,1578,-1506,-5635,9212
1642967543,-17,-1805,1590,-1630,-5578,14470
1642967544,-566,-1671,1840,-1875,-5048,11087
1642967545,-1327,-1896,1989,-2326,-4952,4658
1642967546,-934,-2082,1996,-2709,-4670,17247
1642967547,-1126,-1933,1992,-2764,-4582,17018
1642967548,-636,-2082,2225,-3151,-4670,21063
1642967549,-748,-2188,2449,-2950,-4886,14796
1642967550,-595,-2109,2555,-2332,-5094,11024
1642967551,-643,-2112,2345,-2484,-5085,9524
1642967552,-748,-2121,2420,-2480,-5114,12954
1642967553,-590,-2178,2210,-2924,-4918,13472
1642967554,-626,-2091,2469,-2976,-4938,18968
1642967555,-652,-2022,2442,-2912,-4865,15563
1642967556,-664,-2132,2379,-2948,-4888,16956
1642967557,-569,-2164,2550,-3062,-4922,19444
1642967558,-712,-2216,2344,-3448,-4826,15004
1642967559,-582,-2202,2480,-3290,-4866,23134
1642967560,-643,-2151,2172,-3081,-4970,25363
1642967561,-662,-2410,2515,-3674,-4844,21042
1642967562,-567,-2110,2719,-1363,-5591,25318
1642967563,-676,-2140,2354,-522,-5826,27106
1642967564,-616,-2145,2475,-671,-5876,25345
1642967565,-663,-2074,2415,-616,-5800,25026
1642967566,-640,-1858,2405,-630,-5876,27252
1642967567,-634,-2061,2397,-620,-5838,29182
1642967568,-617,-2020,2479,-642,-5798,29172
1642967569,-615,-2033,2519,-539,-5895,29259
1642967570,-557,-1980,2500,-602,-5700,25140
1642967571,-575,-1959,2460,-605,-5659,25332
1642967572,-649,-2136,2407,-604,-5598,33212
1642967573,-642,-2119,2378,-614,-5659,33134
1642967574,-634,-2098,2509,-550,-5626,31146
1642967575,-620,-2119,2554,-605,-5560,29267
1642967576,-624,-2109,2500,-592,-5706,29164
1642967577,-611,-2102,2368,-610,-5660,27152
1642967578,-631,-2056,2508,-607,-5604,29236
1642967579,-578,-2146,2495,-662,-5692,29090
1642967580,-555,-2107,2468,81,-5847,25291
1642967581,-729,-2091,2488,2258,-6452,31122
1642967582,-680,-2136,2521,2763,-6570,33084
1642967583,-627,-2151,2444,2746,-6546,30990
1642967584,-618,-2020,2462,2713,-6502,27031
1642967585,-588,-2151,2453,2696,-6572,26948
1642967586,-547,-1988,2419,2447,-6533,27075
1642967587,-541,-2164,2560,2456,-6498,10846
1642967588,-563,-2108,2450,2334,-6502,18934
1642967589,-816,-2337,2885,2358,-6423,19320
1642967590,-878,-2074,3198,2392,-6528,6902
1642967591,-1752,-2219,3371,2414,-6287,3783
1642967592,-1679,-2204,3324,2332,-6004,10824
1642967593,-1792,-2587,3350,2102,-5897,5728
1642967594,-816,-2389,3324,2170,-6012,6878
1642967595,744,-2327,2412,1951,-6754,3479
1642967596,1265,-2424,2542,1630,-7148,4276
1642967597,605,-1909,2499,1580,-6894,4288
1642967598,-415,-1780,2237,1580,-6136,7162
1642967599,-656,-2323,2526,1586,-6084,2570
1642967600,-625,-2147,2460,1506,-6085,5546
1642967601,-582,-2074,2540,1414,-6428,8524
1642967602,-598,-1985,2475,1417,-6089,14997
1642967603,-624,-2427,2453,1542,-6388,18582
1642967604,-664,-2135,2495,1468,-6128,11031
1642967605,-659,-2239,2613,1400,-6040,14640
1642967606,-577,-2036,2374,1206,-6010,12516
1642967607,-770,-2065,2424,1150,-6246,7455
1642967608,-598,-2197,2349,1238,-6052,14626
1642967609,-536,-2154,2458,1099,-6246,15226
1642967610,-690,-2350,2435,1130,-6264,6846
1642967611,-766,-2091,2377,1076,-6229,11510
1642967612,-648,-1778,2384,334,-5910,24884
1642967613,-615,-2406,2495,-333,-5643,5548
1642967614,-661,-2162,2436,396,-5938,12796
1642967615,-587,-1978,2373,766,-6110,8824
1642967616,-546,-1937,2371,1084,-5847,18978
1642967617,-213,-1405,2657,970,-6204,12700
1642967618,1613,46,3000,475,-6343,17231
1642967619,3441,-510,2600,-394,-6204,28888
1642967620,5545,-646,2627,-634,-6570,21234
1642967621,6934,-2250,2242,-578,-6882,14704
1642967622,6982,-2397,2274,-252,-7232,21184
1642967623,7001,-2453,1924,278,-7420,710
1642967624,7146,-2527,2144,667,-7650,13651
1642967625,7177,-2421,2096,954,-7780,14774
1642967626,7131,-2774,2034,744,-7860,6620
1642967627,5675,-3898,1593,901,-7608,15175
1642967628,3838,-3992,1495,344,-7140,14636
1642967629,1694,-4281,1771,-285,-6533,17378
1642967630,-258,-4660,1954,58,-6224,18626
1642967631,-2363,-4335,1947,766,-6417,11322
1642967632,-4626,-3146,2548,1092,-5790,14806
1642967633,-6725,-3533,2901,1332,-5007,9485
1642967634,-8146,-2417,3424,1062,-4504,10892
1642967635,-8494,-1819,3591,250,-3867,1801
1642967636,-8322,-1893,3840,-562,-3952,3008
1642967637,-8224,-1876,3565,-450,-3896,2902
1642967638,-7920,-2139,3468,-506,-4322,1840
1642967639,-7059,-898,3754,-748,-4544,-9150
1642967640,-5461,-553,3547,-473,-4895,11407
1642967641,-3606,-710,3147,-714,-5312,23054
1642967642,-1791,-97,2978,-954,-5428,17345
1642967643,-1049,-595,2779,-1138,-5166,4690
1642967644,-726,-2149,2262,-1114,-5232,10690
1642967645,-745,-1868,1550,-1324,-5393,26916
1642967646,-718,-2151,1446,-1240,-5362,26666
1642967647,-683,-1723,1551,-1784,-5187,25025
1642967648,-750,-2214,1895,-1948,-5302,22680
1642967649,-751,-1997,1986,-2463,-5026,27083
1642967650,-526,-1971,2525,-2344,-5120,20990
1642967651,-681,-1989,2364,-2399,-5216,17328
1642967652,-671,-2158,2264,-2618,-4998,12832
1642967653,-493,-2055,2543,-2658,-5012,10904
1642967654,-692,-2229,2452,-2577,-5189,19438
1642967655,-581,-1982,2445,-2654,-5046,8822
1642967656,-577,-2335,2420,-2680,-5280,7707
1642967657,-612,-2305,2354,-2658,-5230,14938
1642967658,-644,-2232,2514,-2980,-4947,15499
1642967659,-666,-2265,2575,-3416,-4966,25134
1642967660,-623,-2196,2510,-3799,-4864,21447
1642967661,-659,-2325,2646,-3844,-4950,23116
1642967662,-1312,-1903,2391,-4112,-5250,14902
